"task","bones_activated","bones_deactivated","diff_activated_minus_deactivated"
805,-8.29299999999999,-14.043,5.75000000000001
773,-7.26500000000001,-12.676,5.41100000000001
549,-8.40599999999999,-12.879,4.47300000000002
809,-4.37899999999999,-8.827,4.44800000000001
517,-7.335,-11.751,4.416
557,-2.59399999999999,-6.699,4.10500000000001
769,-9.999,-14.102,4.103
521,-2.035,-5.73800000000001,3.70300000000001
169,0.419000000000004,-3.18000000000001,3.59900000000001
553,-3.438,-6.86600000000001,3.428
129,-1.73500000000001,-4.95200000000001,3.21700000000001
269,-0.827000000000005,-4.00800000000001,3.181
545,-11.354,-13.973,2.61900000000001
513,-9.968,-12.482,2.51400000000002
428,-0.125999999999998,-2.599,2.47300000000001
265,-1.535,-3.887,2.352
13,-0.207999999999991,-2.47900000000001,2.27100000000002
556,0.349000000000004,-1.911,2.26
172,1.094,-1.08400000000001,2.17800000000001
5,-4.785,-6.84999999999999,2.06499999999999
301,-2.017,-4.00700000000001,1.99000000000002
293,-6.636,-8.539,1.90300000000001
544,-4.8,-6.668,1.868
168,1.741,-0.106000000000009,1.84700000000001
917,-2.507,-4.29,1.783
140,1.661,-0.120000000000005,1.78100000000001
949,-3.65699999999999,-4.98700000000001,1.33000000000002
9,-0.413999999999994,-1.73400000000001,1.32000000000001
297,-2.672,-3.95100000000001,1.27900000000001
512,-3.71400000000001,-4.95400000000001,1.24
913,-2.57399999999999,-3.782,1.20800000000001
737,-5.913,-7.114,1.201
935,-8.504,-9.701,1.197
903,-7.756,-8.90800000000001,1.15200000000001
661,-2.005,-3.15000000000001,1.145
457,-1.37799999999999,-2.50900000000001,1.13100000000002
257,-7.701,-8.82300000000001,1.12200000000001
4,-0.153999999999996,-1.268,1.114
980,-1.43999999999999,-2.49300000000001,1.05300000000002
945,-3.38699999999999,-4.407,1.02000000000001
197,-3.36899999999999,-4.36300000000001,0.994000000000021
292,-2.435,-3.39400000000001,0.95900000000001
981,-4.213,-5.14700000000001,0.934000000000005
647,-7.56,-8.481,0.920999999999999
921,0.378999999999998,-0.51100000000001,0.890000000000008
192,0.818999999999996,-0.0640000000000072,0.883000000000003
300,0.380000000000003,-0.445000000000007,0.82500000000001
679,-8.358,-9.178,0.820000000000007
12,2.273,1.46199999999999,0.811000000000007
931,-9.47,-10.28,0.810000000000002
391,-7.156,-7.95900000000001,0.803000000000011
902,-7.483,-8.27000000000001,0.787000000000006
953,-0.547000000000004,-1.33400000000001,0.787000000000006
45,-1.201,-1.98600000000001,0.785000000000011
976,-1.18,-1.943,0.762999999999998
618,-5.64600000000001,-6.40600000000001,0.759999999999998
669,0.846000000000011,0.100999999999985,0.745000000000026
405,-1.57699999999999,-2.306,0.729000000000006
899,-8.704,-9.43300000000001,0.729000000000006
916,-0.778000000000006,-1.50200000000001,0.724000000000004
678,-8.006,-8.71800000000001,0.71200000000001
977,-4.24700000000001,-4.959,0.711999999999996
646,-7.365,-8.07200000000001,0.707000000000008
481,-4.156,-4.851,0.695
135,-6.719,-7.37400000000001,0.655000000000008
205,-0.151999999999994,-0.803000000000011,0.651000000000018
693,-3.06600000000001,-3.71100000000001,0.644999999999996
493,-0.960000000000001,-1.596,0.636000000000003
134,-7.24699999999999,-7.851,0.604000000000006
687,-5.291,-5.89100000000001,0.600000000000009
488,1.79,1.194,0.595999999999997
989,-1.09000000000001,-1.68400000000001,0.594000000000001
610,-12.821,-13.402,0.58100000000001
643,-8.546,-9.117,0.571000000000005
692,-0.376000000000005,-0.939000000000007,0.563000000000002
701,-0.143999999999991,-0.704000000000001,0.560000000000009
413,0.707000000000001,0.155999999999992,0.551000000000009
289,-8.388,-8.939,0.550999999999995
660,0.00600000000000023,-0.544000000000004,0.550000000000004
939,-6.39,-6.93200000000001,0.542000000000009
675,-9.30500000000001,-9.819,0.513999999999996
37,-5.567,-6.08000000000001,0.513000000000012
985,-0.817999999999991,-1.33,0.512000000000008
657,-1.45399999999999,-1.95300000000002,0.499000000000031
296,0.674999999999997,0.176999999999985,0.498000000000012
724,-0.747999999999998,-1.24600000000001,0.498000000000012
1012,-1.418,-1.907,0.488999999999997
489,-0.897999999999989,-1.38500000000002,0.48700000000003
611,-11.933,-12.403,0.470000000000006
1008,-0.93399999999999,-1.401,0.467000000000006
36,-0.623000000000005,-1.09,0.466999999999992
836,-4.93200000000001,-5.39800000000001,0.466000000000001
674,-9.28099999999999,-9.74400000000001,0.463000000000015
224,1.36900000000001,0.911000000000001,0.458000000000006
942,-5.647,-6.10500000000001,0.458000000000006
354,-13.453,-13.891,0.438000000000024
956,0.420000000000002,-0.0180000000000078,0.43800000000001
654,-4.316,-4.75000000000001,0.434000000000012
399,-4.63799999999999,-5.06,0.422000000000011
866,-12.851,-13.269,0.418000000000013
201,0.205999999999996,-0.208000000000013,0.414000000000009
1013,-4.08299999999999,-4.49600000000001,0.413000000000018
665,1.435,1.03399999999999,0.401000000000003
468,-0.181999999999995,-0.579000000000008,0.397000000000013
143,-3.854,-4.23900000000001,0.385000000000012
988,0.865000000000002,0.480999999999995,0.384000000000007
725,-3.543,-3.92000000000002,0.377000000000017
229,-2.657,-3.03000000000002,0.373000000000012
390,-7.763,-8.134,0.371000000000002
689,-2.108,-2.46400000000001,0.356000000000009
578,-12.968,-13.313,0.34500000000002
149,-0.154999999999994,-0.497,0.342000000000006
898,-8.77099999999999,-9.106,0.335000000000008
924,1.035,0.705999999999989,0.329000000000015
469,-2.56799999999999,-2.89600000000002,0.328000000000024
867,-12.337,-12.662,0.32500000000001
642,-8.79399999999999,-9.118,0.324000000000012
288,-2.852,-3.17500000000001,0.323000000000008
906,-5.459,-5.77900000000001,0.320000000000007
622,-4.324,-4.64400000000001,0.32
8,2.832,2.51499999999999,0.317000000000007
686,-5.154,-5.46800000000001,0.314000000000014
650,-4.936,-5.248,0.311999999999998
938,-6.21899999999999,-6.522,0.303000000000011
1009,-4.142,-4.44500000000001,0.303000000000004
944,-0.396999999999998,-0.694000000000003,0.297000000000004
720,0.226999999999997,-0.0650000000000119,0.292000000000009
697,0.606999999999999,0.315999999999988,0.291000000000011
44,1.841,1.551,0.289999999999999
984,1.42300000000001,1.145,0.278000000000013
395,-5.193,-5.46400000000001,0.271000000000001
142,-4.316,-4.582,0.265999999999998
148,1.495,1.23,0.265000000000008
700,1.413,1.14899999999999,0.264000000000003
614,-9.194,-9.455,0.261000000000003
683,-5.833,-6.09200000000001,0.259
404,-0.0139999999999958,-0.271000000000008,0.257000000000012
102,-8.84299999999998,-9.09600000000002,0.253000000000036
236,2.847,2.59599999999999,0.251000000000012
398,-4.96299999999999,-5.21400000000001,0.251000000000012
436,0.0889999999999986,-0.162000000000013,0.251000000000012
409,1.246,0.995999999999995,0.250000000000007
401,-0.848000000000006,-1.096,0.247999999999998
651,-5.027,-5.27100000000001,0.244000000000007
157,1.87600000000001,1.636,0.240000000000016
668,2.027,1.787,0.240000000000002
579,-12.094,-12.332,0.238000000000007
682,-5.661,-5.893,0.231999999999999
387,-8.691,-8.91500000000001,0.224000000000011
423,-7.93999999999999,-8.159,0.219000000000008
870,-9.505,-9.71899999999999,0.213999999999992
733,-0.136000000000003,-0.345000000000013,0.20900000000001
430,-5.25299999999999,-5.461,0.208000000000006
721,-2.95199999999999,-3.157,0.205000000000005
422,-8.038,-8.24200000000001,0.204000000000015
437,-2.058,-2.26100000000001,0.20300000000001
844,-0.377000000000002,-0.580000000000013,0.20300000000001
431,-5.2,-5.39200000000001,0.192000000000007
362,-6.94799999999999,-7.136,0.18800000000001
394,-5.77799999999999,-5.965,0.187000000000012
139,-4.40000000000001,-4.57600000000001,0.176000000000002
732,1.95500000000001,1.78,0.175000000000004
110,-4.45099999999999,-4.62500000000001,0.174000000000028
477,0.228000000000002,0.0559999999999832,0.172000000000018
615,-8.82,-8.987,0.166999999999994
623,-3.727,-3.89099999999999,0.163999999999994
232,3.642,3.479,0.163000000000004
912,-0.105999999999995,-0.263000000000012,0.157000000000018
868,-4.806,-4.96300000000001,0.157000000000004
464,0.734999999999992,0.578000000000003,0.156999999999989
554,-7.362,-7.51800000000001,0.156000000000013
42,-8.367,-8.522,0.155000000000008
445,0.231999999999999,0.0769999999999911,0.155000000000008
1021,-0.847999999999992,-1.00200000000001,0.154000000000018
130,-9.415,-9.562,0.146999999999998
729,0.445,0.298000000000002,0.146999999999998
386,-9.526,-9.666,0.140000000000001
871,-9.465,-9.60000000000001,0.135000000000012
845,-4.075,-4.20800000000001,0.133000000000017
298,-8.88400000000001,-9.017,0.132999999999988
613,-7.105,-7.23600000000002,0.131000000000022
756,-0.530999999999999,-0.662000000000006,0.131000000000007
802,-13.208,-13.337,0.129000000000026
608,-3.798,-3.92400000000001,0.126000000000012
841,-4.35700000000001,-4.482,0.124999999999993
832,-6.12500000000001,-6.24900000000001,0.124000000000002
166,-7.774,-7.897,0.122999999999998
180,1.507,1.38599999999999,0.121000000000016
580,-3.41,-3.53000000000002,0.120000000000012
688,1.16,1.04,0.120000000000005
589,-2.24399999999999,-2.36200000000001,0.118000000000016
41,-1.23,-1.34400000000002,0.114000000000011
1020,1.147,1.03299999999999,0.114000000000011
803,-12.915,-13.028,0.113000000000007
46,-6.552,-6.66400000000002,0.112000000000016
465,-1.936,-2.04700000000001,0.111000000000011
775,-10.321,-10.432,0.111000000000011
412,1.582,1.471,0.111000000000004
138,-5.22799999999999,-5.33800000000002,0.110000000000021
834,-13.059,-13.169,0.110000000000021
444,1.538,1.42799999999999,0.110000000000014
175,-4.319,-4.428,0.109000000000009
131,-8.29,-8.39800000000001,0.108000000000011
952,1.166,1.062,0.104000000000006
167,-7.362,-7.46500000000001,0.103000000000016
728,2.814,2.711,0.103000000000002
358,-9.96699999999999,-10.068,0.10100000000002
869,-8.952,-9.048,0.0959999999999965
752,0.59000000000001,0.495999999999995,0.0940000000000154
621,-1.85399999999999,-1.94400000000002,0.0900000000000247
427,-5.625,-5.715,0.0900000000000034
144,3.919,3.83,0.0890000000000057
1,-5.299,-5.387,0.088000000000001
174,-4.642,-4.728,0.0860000000000056
74,-6.08999999999998,-6.17500000000001,0.0850000000000293
1016,1.802,1.71899999999998,0.0830000000000197
1017,-0.555,-0.638000000000005,0.0830000000000055
757,-3.197,-3.27800000000001,0.0810000000000102
966,-6.42199999999999,-6.50200000000001,0.0800000000000196
10,-8.65800000000001,-8.73700000000001,0.0790000000000006
324,-3.09200000000001,-3.17100000000001,0.0790000000000006
476,1.97300000000001,1.896,0.0770000000000053
225,-1.748,-1.82200000000002,0.0740000000000194
69,-4.022,-4.09599999999999,0.073999999999991
612,-3.157,-3.23,0.0730000000000004
877,-3.59,-3.663,0.0730000000000004
432,1.78600000000001,1.714,0.0720000000000098
551,-9.838,-9.91,0.0719999999999956
153,2.898,2.827,0.0710000000000051
321,-7.36899999999999,-7.43900000000001,0.0700000000000145
212,1.49,1.42099999999999,0.0690000000000097
473,0.701,0.632999999999996,0.068000000000005
419,-8.927,-8.994,0.0670000000000002
40,2.611,2.545,0.0659999999999954
426,-6.02599999999999,-6.09100000000001,0.065000000000019
719,-3.115,-3.179,0.0640000000000001
433,-0.891999999999996,-0.955000000000005,0.0630000000000095
872,-0.163000000000004,-0.225000000000009,0.0620000000000047
359,-9.308,-9.36900000000001,0.0610000000000142
145,1.77999999999999,1.71999999999998,0.0600000000000094
971,-4.37800000000001,-4.43800000000002,0.0600000000000094
616,1.727,1.667,0.0599999999999952
835,-12.54,-12.6,0.0599999999999952
418,-9.509,-9.565,0.0560000000000045
64,-0.237999999999992,-0.292999999999992,0.0549999999999997
631,-11.176,-11.231,0.0549999999999997
522,-7.72599999999999,-7.78000000000002,0.0540000000000234
630,-12.783,-12.835,0.0520000000000138
710,-5.894,-5.94600000000001,0.0520000000000138
237,0.371000000000002,0.319999999999993,0.051000000000009
927,-4.95,-5.001,0.051000000000009
865,-10.08,-10.13,0.0500000000000185
774,-10.71,-10.759,0.0489999999999995
620,1.49700000000001,1.44899999999998,0.0480000000000231
441,1.047,0.998999999999995,0.0480000000000089
782,-6.468,-6.514,0.0459999999999994
887,-11.395,-11.44,0.045000000000023
852,-3.154,-3.199,0.0449999999999946
875,-5.88899999999999,-5.93300000000001,0.0440000000000182
926,-5.809,-5.853,0.0439999999999898
472,2.77800000000001,2.73499999999999,0.0430000000000277
714,-3.14199999999999,-3.18500000000002,0.0430000000000277
207,-2.12499999999999,-2.167,0.0420000000000087
886,-12.602,-12.644,0.0420000000000087
601,-0.433,-0.472000000000023,0.0390000000000228
462,-3.05,-3.089,0.0389999999999944
357,-5.971,-6.009,0.0380000000000038
365,-1.242,-1.28,0.0380000000000038
459,-3.693,-3.73100000000001,0.0380000000000038
361,-1.419,-1.456,0.036999999999999
999,-6.891,-6.92700000000001,0.0360000000000085
109,0.604999999999997,0.569999999999979,0.0350000000000179
696,2.498,2.46299999999999,0.0350000000000179
771,-12.897,-12.932,0.0350000000000037
864,-6.02100000000001,-6.05600000000001,0.0350000000000037
500,-0.0590000000000046,-0.0939999999999941,0.0349999999999895
100,0.237000000000016,0.203000000000003,0.0340000000000131
360,1.843,1.809,0.0339999999999989
349,-0.29499999999998,-0.328000000000017,0.0330000000000368
604,1.796,1.76299999999998,0.0330000000000226
101,-3.246,-3.27900000000001,0.0330000000000084
220,3.526,3.493,0.0330000000000084
108,3.50099999999998,3.46799999999999,0.0329999999999941
743,-6.245,-6.27700000000002,0.0320000000000178
1003,-4.173,-4.20500000000001,0.0320000000000178
105,0.806999999999995,0.774999999999991,0.0320000000000036
198,-5.24699999999999,-5.27800000000001,0.031000000000013
341,-4.516,-4.54700000000001,0.031000000000013
593,-5.894,-5.92500000000001,0.031000000000013
995,-7.752,-7.78300000000002,0.031000000000013
750,-2.549,-2.58,0.0309999999999988
213,-0.815000000000005,-0.845000000000013,0.0300000000000082
742,-5.785,-5.815,0.029999999999994
806,-10.768,-10.798,0.029999999999994
97,-3.18299999999999,-3.211,0.0280000000000129
345,-0.373999999999988,-0.402000000000001,0.0280000000000129
967,-7.156,-7.18400000000001,0.0280000000000129
558,-6.022,-6.05000000000001,0.0280000000000058
753,-2.60700000000001,-2.635,0.0279999999999987
1002,-3.85700000000001,-3.885,0.0279999999999987
994,-7.40399999999999,-7.43100000000001,0.0270000000000223
656,1.368,1.34099999999999,0.0270000000000152
495,-2.953,-2.97800000000001,0.0250000000000128
90,-10.388,-10.413,0.0249999999999986
738,-7.049,-7.074,0.0249999999999986
82,-15.853,-15.877,0.0240000000000364
594,-16.172,-16.196,0.0240000000000222
873,-3.987,-4.01100000000001,0.024000000000008
170,-5.33800000000001,-5.362,0.0239999999999938
338,-16.719,-16.743,0.0239999999999938
86,-12.467,-12.49,0.0230000000000317
94,-8.18999999999999,-8.21300000000001,0.0230000000000175
858,-9.91299999999999,-9.93600000000001,0.0230000000000175
496,1.07700000000001,1.054,0.0230000000000032
582,-9.308,-9.331,0.0230000000000032
890,-10.237,-10.26,0.022999999999989
598,-12.537,-12.559,0.0220000000000269
95,-5.874,-5.89600000000002,0.0220000000000127
231,-5.12399999999999,-5.146,0.0220000000000127
639,-6.311,-6.33300000000001,0.0220000000000127
810,-7.901,-7.923,0.0220000000000056
83,-13.564,-13.585,0.0210000000000221
238,-1.935,-1.95600000000002,0.0210000000000221
607,-6.08499999999999,-6.10600000000001,0.0210000000000221
735,-3.48099999999999,-3.50200000000001,0.0210000000000221
84,0.254000000000012,0.233000000000004,0.0210000000000079
230,-5.135,-5.15600000000001,0.0210000000000079
343,-11.39,-11.411,0.0210000000000079
347,-8.257,-8.27800000000001,0.0210000000000079
350,-8.43500000000001,-8.45600000000002,0.0210000000000079
602,-10.039,-10.06,0.0210000000000079
850,-15.94,-15.961,0.0210000000000079
851,-14.494,-14.515,0.0210000000000079
862,-7.891,-7.91200000000001,0.0210000000000079
635,-8.133,-8.154,0.0209999999999937
854,-12.382,-12.403,0.0209999999999937
70,-8.67999999999999,-8.7,0.0200000000000173
162,-9.403,-9.42300000000002,0.0200000000000173
208,3.55100000000001,3.53099999999999,0.0200000000000173
330,-6.833,-6.85300000000002,0.0200000000000173
501,-2.311,-2.33100000000002,0.0200000000000173
855,-11.255,-11.275,0.0200000000000173
878,-5.057,-5.07700000000001,0.0200000000000173
326,-9.71700000000001,-9.73700000000001,0.0200000000000031
483,-7.401,-7.42100000000001,0.0200000000000031
842,-6.55100000000001,-6.57100000000001,0.0200000000000031
859,-8.1,-8.12,0.0200000000000031
891,-8.341,-8.361,0.0200000000000031
982,-6.937,-6.95700000000001,0.0200000000000031
322,-13.434,-13.454,0.0199999999999889
323,-12.456,-12.475,0.0190000000000268
331,-5.59299999999998,-5.61200000000001,0.0190000000000268
2,-14.838,-14.857,0.0190000000000126
14,-6.745,-6.76400000000001,0.0190000000000126
75,-4.55500000000001,-4.57400000000003,0.0190000000000126
211,-7.46699999999999,-7.486,0.0190000000000126
218,-4.76499999999998,-4.78399999999999,0.0190000000000126
219,-3.736,-3.75500000000001,0.0190000000000126
266,-9.167,-9.18600000000001,0.0190000000000126
366,-5.31,-5.32900000000001,0.0190000000000126
619,-5.254,-5.27300000000001,0.0190000000000126
638,-8.19299999999999,-8.212,0.0190000000000126
758,-6.754,-6.77300000000001,0.0190000000000126
767,-3.456,-3.47500000000001,0.0190000000000126
882,-16.209,-16.228,0.0190000000000126
1014,-6.918,-6.93700000000001,0.0190000000000126
78,-4.32399999999999,-4.34299999999999,0.0189999999999984
214,-6.623,-6.642,0.0189999999999984
363,-5.78900000000001,-5.80800000000001,0.0189999999999984
466,-9.14000000000001,-9.15900000000001,0.0189999999999984
474,-5.353,-5.372,0.0189999999999984
482,-7.623,-7.642,0.0189999999999984
533,-3.936,-3.955,0.0189999999999984
590,-4.49400000000001,-4.513,0.0189999999999984
722,-8.218,-8.237,0.0189999999999984
730,-4.716,-4.735,0.0189999999999984
762,-4.78899999999999,-4.80799999999999,0.0189999999999984
820,-2.175,-2.194,0.0189999999999984
634,-10.398,-10.416,0.0180000000000362
71,-7.846,-7.86400000000002,0.018000000000022
79,-3.163,-3.18100000000003,0.018000000000022
80,-0.0399999999999849,-0.0580000000000069,0.018000000000022
450,-7.69599999999999,-7.71400000000001,0.018000000000022
587,-5.16099999999999,-5.17900000000002,0.018000000000022
600,1.963,1.94499999999998,0.018000000000022
764,2.34300000000001,2.32499999999999,0.018000000000022
843,-5.85299999999999,-5.87100000000001,0.018000000000022
32,0.024000000000008,0.00599999999999312,0.0180000000000149
3,-12.275,-12.293,0.0180000000000078
6,-11.284,-11.302,0.0180000000000078
7,-9.117,-9.135,0.0180000000000078
11,-5.862,-5.88000000000001,0.0180000000000078
15,-4.55400000000001,-4.57200000000002,0.0180000000000078
16,-1.53700000000001,-1.55500000000002,0.0180000000000078
17,-2.27700000000001,-2.29500000000002,0.0180000000000078
18,-19.01,-19.028,0.0180000000000078
19,-15.288,-15.306,0.0180000000000078
20,-0.710000000000001,-0.728000000000009,0.0180000000000078
21,-1.898,-1.91600000000001,0.0180000000000078
22,-15.95,-15.968,0.0180000000000078
23,-12.312,-12.33,0.0180000000000078
24,2.13000000000002,2.11200000000001,0.0180000000000078
25,1.89600000000001,1.878,0.0180000000000078
26,-13.707,-13.725,0.0180000000000078
27,-9.55700000000001,-9.57500000000002,0.0180000000000078
28,2.106,2.08799999999999,0.0180000000000078
29,1.582,1.56399999999999,0.0180000000000078
31,-7.608,-7.626,0.0180000000000078
33,-5.034,-5.05200000000001,0.0180000000000078
34,-14.683,-14.701,0.0180000000000078
35,-12.309,-12.327,0.0180000000000078
38,-11.258,-11.276,0.0180000000000078
39,-9.224,-9.242,0.0180000000000078
43,-5.855,-5.873,0.0180000000000078
47,-4.552,-4.57000000000001,0.0180000000000078
48,-1.66499999999998,-1.68299999999999,0.0180000000000078
49,-2.34099999999999,-2.35899999999999,0.0180000000000078
51,-15.35,-15.368,0.0180000000000078
52,-0.948,-0.966000000000008,0.0180000000000078
53,-2.05099999999999,-2.069,0.0180000000000078
54,-15.805,-15.823,0.0180000000000078
55,-12.37,-12.388,0.0180000000000078
56,1.99600000000002,1.97800000000001,0.0180000000000078
57,1.82699999999999,1.80899999999998,0.0180000000000078
58,-13.474,-13.492,0.0180000000000078
59,-9.55199999999999,-9.56999999999999,0.0180000000000078
60,1.944,1.92599999999999,0.0180000000000078
61,1.50599999999999,1.48799999999999,0.0180000000000078
62,-11.062,-11.08,0.0180000000000078
63,-7.61199999999999,-7.63,0.0180000000000078
112,-0.157999999999994,-0.176000000000002,0.0180000000000078
113,-2.264,-2.28200000000001,0.0180000000000078
116,0.190000000000005,0.171999999999997,0.0180000000000078
117,-2.04500000000001,-2.06300000000002,0.0180000000000078
120,3.25200000000002,3.23400000000001,0.0180000000000078
121,1.61999999999998,1.60199999999998,0.0180000000000078
124,3.03699999999998,3.01899999999998,0.0180000000000078
125,1.46,1.44199999999999,0.0180000000000078
127,-6.172,-6.19000000000001,0.0180000000000078
146,-11.386,-11.404,0.0180000000000078
147,-8.995,-9.013,0.0180000000000078
151,-7.451,-7.46900000000001,0.0180000000000078
154,-7.26199999999999,-7.28,0.0180000000000078
155,-5.189,-5.20700000000001,0.0180000000000078
158,-5.99999999999999,-6.018,0.0180000000000078
159,-4.40499999999999,-4.423,0.0180000000000078
163,-8.36899999999999,-8.387,0.0180000000000078
171,-4.671,-4.68900000000001,0.0180000000000078
176,4.33899999999999,4.32099999999998,0.0180000000000078
177,1.989,1.97099999999999,0.0180000000000078
181,-0.43,-0.448000000000008,0.0180000000000078
182,-9.06,-9.078,0.0180000000000078
183,-7.412,-7.43000000000001,0.0180000000000078
184,4.21,4.19199999999999,0.0180000000000078
185,2.94500000000001,2.927,0.0180000000000078
186,-7.09200000000001,-7.11000000000001,0.0180000000000078
187,-5.151,-5.16900000000001,0.0180000000000078
188,2.802,2.78399999999999,0.0180000000000078
189,1.668,1.64999999999999,0.0180000000000078
190,-5.91299999999999,-5.931,0.0180000000000078
191,-4.418,-4.43600000000001,0.0180000000000078
223,-3.017,-3.03500000000001,0.0180000000000078
234,-2.596,-2.614,0.0180000000000078
240,4.074,4.056,0.0180000000000078
241,1.47299999999999,1.45499999999998,0.0180000000000078
244,1.91100000000001,1.893,0.0180000000000078
245,-0.278999999999989,-0.296999999999997,0.0180000000000078
248,5.057,5.03899999999999,0.0180000000000078
249,3.175,3.157,0.0180000000000078
252,3.933,3.91499999999999,0.0180000000000078
253,2.308,2.28999999999999,0.0180000000000078
258,-15.298,-15.316,0.0180000000000078
259,-13.329,-13.347,0.0180000000000078
263,-10.263,-10.281,0.0180000000000078
267,-6.953,-6.971,0.0180000000000078
270,-7.314,-7.33200000000001,0.0180000000000078
271,-5.678,-5.69600000000001,0.0180000000000078
272,-3.13100000000001,-3.14900000000002,0.0180000000000078
273,-5.114,-5.132,0.0180000000000078
274,-19.668,-19.686,0.0180000000000078
275,-16.404,-16.422,0.0180000000000078
276,-2.03599999999999,-2.054,0.0180000000000078
277,-3.84499999999999,-3.863,0.0180000000000078
278,-16.113,-16.131,0.0180000000000078
279,-13.044,-13.062,0.0180000000000078
280,0.979999999999997,0.961999999999989,0.0180000000000078
281,0.116000000000007,0.097999999999999,0.0180000000000078
282,-13.659,-13.677,0.0180000000000078
283,-9.987,-10.005,0.0180000000000078
284,0.976000000000006,0.957999999999998,0.0180000000000078
285,0.0719999999999956,0.0539999999999878,0.0180000000000078
286,-11.243,-11.261,0.0180000000000078
287,-8.054,-8.072,0.0180000000000078
290,-15.05,-15.068,0.0180000000000078
291,-13.311,-13.329,0.0180000000000078
294,-11.755,-11.773,0.0180000000000078
295,-10.329,-10.347,0.0180000000000078
299,-6.94100000000001,-6.95900000000002,0.0180000000000078
302,-7.26,-7.27800000000001,0.0180000000000078
303,-5.691,-5.709,0.0180000000000078
304,-3.14899999999999,-3.167,0.0180000000000078
305,-5.09,-5.108,0.0180000000000078
306,-19.543,-19.561,0.0180000000000078
307,-16.346,-16.364,0.0180000000000078
308,-2.14000000000001,-2.15800000000002,0.0180000000000078
309,-3.879,-3.89700000000001,0.0180000000000078
310,-15.935,-15.953,0.0180000000000078
311,-13.023,-13.041,0.0180000000000078
312,0.875000000000007,0.856999999999999,0.0180000000000078
313,0.0959999999999965,0.0779999999999887,0.0180000000000078
314,-13.467,-13.485,0.0180000000000078
315,-9.977,-9.995,0.0180000000000078
316,0.848000000000006,0.829999999999998,0.0180000000000078
317,0.0290000000000035,0.0109999999999957,0.0180000000000078
318,-11.081,-11.099,0.0180000000000078
319,-8.072,-8.09,0.0180000000000078
335,-4.201,-4.21900000000001,0.0180000000000078
368,-2.807,-2.825,0.0180000000000078
369,-5.41799999999999,-5.43599999999999,0.0180000000000078
372,-1.73399999999999,-1.752,0.0180000000000078
373,-4.27999999999999,-4.298,0.0180000000000078
374,-13.345,-13.363,0.0180000000000078
376,1.78900000000001,1.771,0.0180000000000078
377,-0.18699999999999,-0.204999999999998,0.0180000000000078
378,-10.915,-10.933,0.0180000000000078
379,-8.537,-8.55500000000001,0.0180000000000078
380,1.739,1.72099999999999,0.0180000000000078
381,-0.0419999999999945,-0.0600000000000023,0.0180000000000078
382,-8.779,-8.79700000000001,0.0180000000000078
383,-6.76500000000001,-6.78300000000002,0.0180000000000078
403,-9.61300000000001,-9.63100000000001,0.0180000000000078
410,-7.615,-7.63300000000001,0.0180000000000078
411,-5.84500000000001,-5.86300000000001,0.0180000000000078
415,-5.066,-5.084,0.0180000000000078
434,-11.212,-11.23,0.0180000000000078
435,-9.42600000000001,-9.44400000000002,0.0180000000000078
438,-9.24400000000001,-9.26200000000001,0.0180000000000078
439,-7.95600000000001,-7.97400000000002,0.0180000000000078
440,2.58200000000001,2.564,0.0180000000000078
442,-7.453,-7.471,0.0180000000000078
443,-5.79999999999999,-5.818,0.0180000000000078
446,-6.314,-6.33200000000001,0.0180000000000078
447,-5.072,-5.09,0.0180000000000078
475,-4.519,-4.53700000000001,0.0180000000000078
478,-4.376,-4.39400000000001,0.0180000000000078
479,-3.787,-3.80500000000001,0.0180000000000078
497,-1.54799999999999,-1.566,0.0180000000000078
502,-7.305,-7.32300000000001,0.0180000000000078
503,-6.821,-6.83900000000001,0.0180000000000078
504,3.193,3.175,0.0180000000000078
505,1.219,1.20099999999999,0.0180000000000078
506,-5.427,-5.44500000000001,0.0180000000000078
507,-4.56199999999999,-4.58,0.0180000000000078
508,2.38100000000001,2.363,0.0180000000000078
509,0.695,0.676999999999992,0.0180000000000078
510,-4.45,-4.468,0.0180000000000078
511,-3.81,-3.828,0.0180000000000078
514,-14,-14.018,0.0180000000000078
515,-12.665,-12.683,0.0180000000000078
519,-9.719,-9.73700000000001,0.0180000000000078
523,-6.06699999999999,-6.08499999999999,0.0180000000000078
526,-6.091,-6.10900000000001,0.0180000000000078
527,-4.90799999999999,-4.926,0.0180000000000078
528,-2.28299999999999,-2.301,0.0180000000000078
529,-4.846,-4.864,0.0180000000000078
530,-19.157,-19.175,0.0180000000000078
531,-16.052,-16.07,0.0180000000000078
532,-1.50199999999999,-1.52,0.0180000000000078
534,-15.687,-15.705,0.0180000000000078
535,-12.696,-12.714,0.0180000000000078
536,1.693,1.675,0.0180000000000078
537,0.427,0.408999999999992,0.0180000000000078
538,-13.317,-13.335,0.0180000000000078
539,-9.74100000000001,-9.75900000000001,0.0180000000000078
540,1.58900000000001,1.571,0.0180000000000078
541,0.279000000000003,0.260999999999996,0.0180000000000078
542,-10.858,-10.876,0.0180000000000078
543,-7.72300000000001,-7.74100000000001,0.0180000000000078
547,-12.55,-12.568,0.0180000000000078
555,-6.142,-6.16000000000001,0.0180000000000078
559,-5.115,-5.133,0.0180000000000078
560,-2.257,-2.27500000000001,0.0180000000000078
561,-5.109,-5.12700000000001,0.0180000000000078
562,-18.161,-18.179,0.0180000000000078
563,-15.295,-15.313,0.0180000000000078
564,-1.709,-1.727,0.0180000000000078
565,-4.394,-4.41200000000001,0.0180000000000078
566,-14.898,-14.916,0.0180000000000078
567,-12.208,-12.226,0.0180000000000078
568,1.56900000000001,1.551,0.0180000000000078
569,0.0659999999999954,0.0479999999999876,0.0180000000000078
570,-12.514,-12.532,0.0180000000000078
571,-9.248,-9.266,0.0180000000000078
572,1.344,1.32599999999999,0.0180000000000078
573,-0.178999999999995,-0.197000000000003,0.0180000000000078
574,-10.18,-10.198,0.0180000000000078
575,-7.374,-7.39200000000001,0.0180000000000078
624,-2.85700000000001,-2.87500000000001,0.0180000000000078
625,-5.7,-5.718,0.0180000000000078
626,-16.479,-16.497,0.0180000000000078
627,-14.544,-14.562,0.0180000000000078
632,2.04499999999999,2.02699999999999,0.0180000000000078
659,-8.785,-8.80300000000001,0.0180000000000078
666,-6.707,-6.72500000000001,0.0180000000000078
667,-5.23200000000001,-5.25000000000001,0.0180000000000078
671,-4.523,-4.54100000000001,0.0180000000000078
690,-9.84999999999999,-9.868,0.0180000000000078
691,-8.52399999999999,-8.542,0.0180000000000078
694,-8.46699999999999,-8.485,0.0180000000000078
695,-7.52399999999999,-7.542,0.0180000000000078
698,-6.51999999999999,-6.538,0.0180000000000078
699,-5.231,-5.24900000000001,0.0180000000000078
702,-5.563,-5.581,0.0180000000000078
703,-4.65,-4.66800000000001,0.0180000000000078
723,-7.75300000000001,-7.77100000000002,0.0180000000000078
726,-6.734,-6.75200000000001,0.0180000000000078
746,-3.07399999999999,-3.092,0.0180000000000078
754,-8.21100000000001,-8.22900000000001,0.0180000000000078
759,-6.49699999999999,-6.515,0.0180000000000078
760,3.3,3.282,0.0180000000000078
766,-3.886,-3.90400000000001,0.0180000000000078
778,-7.973,-7.99100000000001,0.0180000000000078
779,-6.859,-6.87700000000001,0.0180000000000078
783,-5.80500000000001,-5.82300000000001,0.0180000000000078
785,-6.237,-6.25500000000001,0.0180000000000078
786,-18.372,-18.39,0.0180000000000078
787,-15.79,-15.808,0.0180000000000078
789,-5.002,-5.02000000000001,0.0180000000000078
790,-14.938,-14.956,0.0180000000000078
791,-12.553,-12.571,0.0180000000000078
792,1.01199999999999,0.993999999999986,0.0180000000000078
793,-0.907999999999994,-0.926000000000002,0.0180000000000078
794,-12.77,-12.788,0.0180000000000078
795,-9.70699999999999,-9.72499999999999,0.0180000000000078
796,0.838000000000001,0.819999999999993,0.0180000000000078
797,-0.878000000000007,-0.896000000000015,0.0180000000000078
798,-10.422,-10.44,0.0180000000000078
799,-7.79699999999999,-7.815,0.0180000000000078
811,-7.08899999999999,-7.107,0.0180000000000078
814,-6.59899999999999,-6.617,0.0180000000000078
815,-6.14,-6.15800000000001,0.0180000000000078
816,-2.606,-2.62400000000001,0.0180000000000078
817,-6.606,-6.62400000000001,0.0180000000000078
818,-17.638,-17.656,0.0180000000000078
819,-15.232,-15.25,0.0180000000000078
821,-5.46899999999999,-5.487,0.0180000000000078
822,-14.333,-14.351,0.0180000000000078
823,-12.195,-12.213,0.0180000000000078
824,0.791000000000004,0.772999999999996,0.0180000000000078
825,-1.374,-1.39200000000001,0.0180000000000078
826,-12.088,-12.106,0.0180000000000078
827,-9.304,-9.322,0.0180000000000078
828,0.515000000000001,0.496999999999993,0.0180000000000078
829,-1.428,-1.44600000000001,0.0180000000000078
830,-9.88,-9.89800000000001,0.0180000000000078
831,-7.54800000000001,-7.56600000000002,0.0180000000000078
838,-9.58599999999999,-9.604,0.0180000000000078
880,-3.98799999999999,-4.006,0.0180000000000078
881,-7.23799999999999,-7.256,0.0180000000000078
883,-14.65,-14.668,0.0180000000000078
892,0.898999999999994,0.880999999999986,0.0180000000000078
923,-5.629,-5.647,0.0180000000000078
946,-9.636,-9.65400000000001,0.0180000000000078
947,-8.705,-8.72300000000001,0.0180000000000078
951,-7.816,-7.834,0.0180000000000078
954,-6.667,-6.685,0.0180000000000078
955,-5.667,-5.685,0.0180000000000078
959,-5.15200000000001,-5.17000000000002,0.0180000000000078
1010,-8.249,-8.26700000000001,0.0180000000000078
1011,-7.98499999999999,-8.003,0.0180000000000078
1015,-6.843,-6.861,0.0180000000000078
1018,-5.105,-5.123,0.0180000000000078
1022,-4.27299999999999,-4.291,0.0180000000000078
88,3.382,3.364,0.0179999999999936
583,-8.91100000000001,-8.929,0.0179999999999936
734,-3.84800000000001,-3.866,0.0179999999999936
979,-8.04200000000001,-8.06,0.0179999999999936
1019,-4.63400000000001,-4.652,0.0179999999999936
235,-2.35899999999999,-2.37600000000002,0.0170000000000314
92,3.11900000000001,3.10199999999999,0.0170000000000172
199,-5.37999999999999,-5.39700000000001,0.0170000000000172
203,-2.56,-2.57700000000001,0.0170000000000172
206,-2.04799999999999,-2.06500000000001,0.0170000000000172
348,1.70800000000001,1.69099999999999,0.0170000000000172
367,-4.33599999999999,-4.35300000000001,0.0170000000000172
451,-7.55899999999999,-7.57600000000001,0.0170000000000172
458,-3.7,-3.71700000000001,0.0170000000000172
486,-5.954,-5.97100000000002,0.0170000000000172
487,-6.07,-6.08700000000002,0.0170000000000172
707,-7.42,-7.43700000000001,0.0170000000000172
727,-6.51199999999999,-6.52900000000001,0.0170000000000172
731,-4.129,-4.14600000000002,0.0170000000000172
739,-7.26199999999999,-7.27900000000001,0.0170000000000172
751,-2.90499999999999,-2.92200000000001,0.0170000000000172
847,-4.588,-4.60500000000002,0.0170000000000172
885,-5.96099999999999,-5.97800000000001,0.0170000000000172
895,-6.61199999999999,-6.629,0.0170000000000172
958,-5.82,-5.83700000000002,0.0170000000000172
983,-6.90399999999999,-6.92100000000001,0.0170000000000172
990,-4.24599999999999,-4.263,0.0170000000000172
93,1.31600000000001,1.29900000000001,0.017000000000003
194,-6.972,-6.989,0.017000000000003
202,-2.67000000000001,-2.68700000000001,0.017000000000003
226,-6.913,-6.93000000000001,0.017000000000003
239,-1.891,-1.908,0.017000000000003
336,-2.80300000000002,-2.82000000000002,0.017000000000003
337,-5.52699999999999,-5.544,0.017000000000003
344,1.80500000000001,1.78800000000001,0.017000000000003
454,-6.10100000000001,-6.11800000000001,0.017000000000003
471,-6.764,-6.78100000000001,0.017000000000003
490,-3.59200000000001,-3.60900000000001,0.017000000000003
491,-3.471,-3.488,0.017000000000003
494,-2.922,-2.93900000000001,0.017000000000003
629,-4.821,-4.83800000000001,0.017000000000003
633,-0.178999999999995,-0.195999999999998,0.017000000000003
636,1.897,1.88,0.017000000000003
761,1.002,0.984999999999999,0.017000000000003
765,0.351999999999997,0.334999999999994,0.017000000000003
839,-9.554,-9.571,0.017000000000003
879,-4.614,-4.631,0.017000000000003
893,-1.41399999999999,-1.431,0.017000000000003
962,-7.466,-7.483,0.017000000000003
987,-4.639,-4.65600000000001,0.017000000000003
998,-6.34500000000001,-6.36200000000001,0.017000000000003
81,-2.258,-2.27499999999999,0.0169999999999888
628,-2.01200000000001,-2.029,0.0169999999999888
763,-4.14300000000001,-4.16,0.0169999999999888
1023,-3.98600000000001,-4.003,0.0169999999999888
195,-6.65699999999999,-6.67300000000002,0.0160000000000267
352,-3.21299999999999,-3.22900000000001,0.0160000000000267
848,-4.22899999999999,-4.24500000000002,0.0160000000000267
89,1.55400000000001,1.538,0.0160000000000124
96,0.157999999999994,0.141999999999982,0.0160000000000124
104,3.88700000000001,3.871,0.0160000000000124
150,-9.24700000000001,-9.26300000000002,0.0160000000000124
340,-1.81,-1.82600000000001,0.0160000000000124
353,-6.709,-6.72500000000001,0.0160000000000124
455,-6.34199999999999,-6.358,0.0160000000000124
470,-7.233,-7.24900000000001,0.0160000000000124
592,-2.993,-3.00900000000001,0.0160000000000124
706,-7.12499999999999,-7.141,0.0160000000000124
715,-3.48,-3.49600000000001,0.0160000000000124
718,-2.703,-2.71900000000001,0.0160000000000124
747,-3.27999999999999,-3.29600000000001,0.0160000000000124
888,0.934000000000005,0.917999999999992,0.0160000000000124
889,-1.62499999999999,-1.64100000000001,0.0160000000000124
85,-2.14899999999999,-2.16499999999999,0.0159999999999982
320,-3.791,-3.807,0.0159999999999982
963,-7.919,-7.935,0.0159999999999982
970,-3.987,-4.003,0.0159999999999982
991,-4.028,-4.044,0.0159999999999982
1006,-3.386,-3.402,0.0159999999999982
73,0.18800000000001,0.172999999999988,0.0150000000000219
605,-0.515999999999998,-0.53100000000002,0.0150000000000219
711,-6.50199999999999,-6.51700000000001,0.0150000000000219
975,-4.11499999999999,-4.13000000000001,0.0150000000000219
68,-0.400000000000013,-0.41500000000002,0.0150000000000077
72,3.559,3.544,0.0150000000000077
215,-5.944,-5.959,0.0150000000000077
217,2.638,2.62299999999999,0.0150000000000077
221,1.721,1.70599999999999,0.0150000000000077
328,1.37500000000001,1.36,0.0150000000000077
364,1.684,1.669,0.0150000000000077
463,-3.27099999999999,-3.286,0.0150000000000077
577,-8.118,-8.13300000000001,0.0150000000000077
596,-2.236,-2.251,0.0150000000000077
663,-7.62,-7.635,0.0150000000000077
788,-1.93,-1.94500000000001,0.0150000000000077
856,0.731000000000002,0.715999999999994,0.0150000000000077
860,0.674,0.658999999999992,0.0150000000000077
974,-3.56,-3.575,0.0150000000000077
1007,-3.814,-3.82900000000001,0.0150000000000077
65,-3.77400000000001,-3.789,0.0149999999999935
588,1.21699999999999,1.202,0.0149999999999935
597,-5.181,-5.196,0.0149999999999935
857,-2.02400000000001,-2.039,0.0149999999999935
884,-2.88,-2.895,0.0149999999999935
76,3.10499999999998,3.09,0.0149999999999793
637,-0.201000000000015,-0.215999999999994,0.0149999999999793
209,0.977000000000011,0.962999999999994,0.0140000000000171
233,0.916000000000004,0.901999999999987,0.0140000000000171
467,-8.343,-8.35700000000001,0.0140000000000171
332,1.196,1.182,0.0140000000000029
584,1.489,1.47499999999999,0.0140000000000029
861,-1.835,-1.849,0.0140000000000029
978,-8.27400000000001,-8.28800000000001,0.0140000000000029
77,-0.0870000000000104,-0.100999999999999,0.0139999999999887
111,-3.35600000000002,-3.37,0.0139999999999887
216,4.65199999999999,4.638,0.0139999999999887
356,-2.42000000000001,-2.434,0.0139999999999887
325,-6.94299999999999,-6.956,0.0130000000000123
333,-2.057,-2.07000000000001,0.0130000000000123
670,-5.62199999999999,-5.635,0.0130000000000123
853,-6.40399999999999,-6.417,0.0130000000000123
329,-2.175,-2.188,0.0129999999999981
576,-4.007,-4.02,0.0129999999999981
591,-3.81300000000001,-3.82600000000001,0.0129999999999981
849,-7.538,-7.551,0.0129999999999981
107,-4.81300000000001,-4.82599999999999,0.0129999999999839
585,-2.31099999999999,-2.32300000000001,0.0120000000000218
876,-0.202999999999996,-0.215000000000003,0.0120000000000076
986,-5.052,-5.06400000000001,0.0120000000000076
327,-9.178,-9.19,0.0119999999999933
581,-7.663,-7.675,0.0119999999999933
833,-10.464,-10.475,0.0110000000000028
210,-8.55899999999999,-8.568,0.00900000000000745
30,-11.313,-11.321,0.00800000000000267
894,-8.16499999999998,-8.172,0.00700000000001211
922,-6.826,-6.83300000000001,0.00700000000001211
402,-11.545,-11.551,0.00600000000000733
784,-2.49599999999999,-2.501,0.00500000000001677
156,2.755,2.75,0.00500000000000256
414,-6.409,-6.414,0.00500000000000256
339,-14.823,-14.826,0.00300000000002143
874,-6.69599999999999,-6.699,0.00300000000000722
407,-8.06900000000001,-8.07100000000001,0.00200000000000244
351,-6.502,-6.503,0.000999999999997669
550,-10.527,-10.527,-7.105427357601e-15
919,-7.837,-7.83600000000001,-0.000999999999983459
342,-13.059,-13.058,-0.000999999999997669
518,-10.681,-10.68,-0.000999999999997669
846,-4.96,-4.959,-0.000999999999997669
863,-6.44899999999999,-6.447,-0.00199999999998823
91,-7.686,-7.684,-0.00200000000000244
334,-5.08700000000001,-5.08200000000001,-0.00500000000000256
599,-11.025,-11.02,-0.00500000000000256
262,-11.847,-11.841,-0.00599999999999312
807,-10.716,-10.71,-0.00599999999999312
346,-10.619,-10.61,-0.00899999999997902
595,-14.386,-14.377,-0.00899999999997902
950,-8.466,-8.45500000000001,-0.0109999999999886
603,-7.87,-7.857,-0.0129999999999981
609,-7.912,-7.89500000000001,-0.0169999999999888
87,-10.43,-10.413,-0.0170000000000172
606,-7.95199999999999,-7.92800000000001,-0.0239999999999796
664,2.976,3.002,-0.0259999999999962
586,-6.30299999999999,-6.27300000000001,-0.0299999999999798
915,-8.909,-8.87700000000001,-0.0319999999999894
658,-10.309,-10.275,-0.0339999999999847
920,1.636,1.68599999999999,-0.0499999999999972
617,-2.025,-1.97300000000001,-0.0519999999999854
152,3.979,4.037,-0.0579999999999998
770,-13.675,-13.61,-0.0649999999999906
408,2.41700000000001,2.502,-0.0849999999999866
546,-13.517,-13.424,-0.0929999999999822
662,-8.83600000000001,-8.742,-0.0940000000000012
406,-9.585,-9.464,-0.121000000000002
400,1.274,1.41499999999998,-0.140999999999984
918,-8.81799999999999,-8.604,-0.213999999999992
914,-10.16,-9.937,-0.223000000000006
106,-5.72599999999999,NA,NA
948,-1.151,NA,NA
66,NA,-12.404,NA
128,NA,-1.035,NA
132,NA,-2.948,NA
133,NA,-6.761,NA
136,NA,0.971999999999987,NA
137,NA,-2.31400000000001,NA
141,NA,-3.079,NA
160,NA,-2.388,NA
161,NA,-5.98,NA
164,NA,-3.893,NA
165,NA,-7.39900000000001,NA
173,NA,-3.82400000000001,NA
193,NA,-3.033,NA
196,NA,-1.47400000000002,NA
200,NA,2.67599999999999,NA
204,NA,1.77999999999999,NA
222,NA,-3.77900000000001,NA
228,NA,-0.424000000000007,NA
256,NA,-2.749,NA
260,NA,-3.219,NA
261,NA,-8.74400000000001,NA
264,NA,0.435999999999993,NA
268,NA,-0.246000000000009,NA
384,NA,-2.90000000000001,NA
385,NA,-7.10000000000001,NA
388,NA,-4.12500000000001,NA
389,NA,-7.979,NA
392,NA,-0.715000000000003,NA
393,NA,-4.108,NA
396,NA,-1.472,NA
397,NA,-4.44800000000001,NA
416,NA,-4.70300000000001,NA
417,NA,-8.59500000000001,NA
420,NA,-5.29400000000001,NA
421,NA,-8.94000000000001,NA
424,NA,-2.009,NA
425,NA,-5.27800000000001,NA
429,NA,-5.45000000000001,NA
448,NA,-3.081,NA
449,NA,-5.95200000000001,NA
452,NA,-3.691,NA
453,NA,-6.51200000000001,NA
456,NA,0.372,NA
460,NA,-0.171999999999997,NA
461,NA,-2.736,NA
480,NA,-2.22200000000001,NA
484,NA,-2.69300000000001,NA
485,NA,-5.24600000000001,NA
492,NA,0.673999999999992,NA
516,NA,-4.87800000000001,NA
520,NA,-0.262000000000008,NA
524,NA,-0.921999999999997,NA
525,NA,-5.74700000000001,NA
548,NA,-6.08700000000001,NA
552,NA,-1.41100000000002,NA
640,NA,-6.62800000000001,NA
641,NA,-11.709,NA
644,NA,-6.83200000000001,NA
645,NA,-11.352,NA
648,NA,-2.32,NA
649,NA,-6.26500000000001,NA
652,NA,-2.903,NA
653,NA,-6.33600000000001,NA
655,NA,-5.024,NA
672,NA,-9.28300000000002,NA
673,NA,-14.083,NA
676,NA,-8.65400000000001,NA
677,NA,-13.092,NA
680,NA,-4.329,NA
681,NA,-8.23300000000001,NA
684,NA,-4.608,NA
685,NA,-8.02600000000001,NA
704,NA,-3.80800000000001,NA
705,NA,-7.761,NA
708,NA,-4.50500000000001,NA
709,NA,-7.97300000000001,NA
712,NA,0.167999999999992,NA
713,NA,-3.074,NA
716,NA,-0.504000000000019,NA
717,NA,-3.367,NA
736,NA,-3.449,NA
740,NA,-3.87,NA
741,NA,-7.11600000000001,NA
744,NA,0.716999999999999,NA
745,NA,-2.322,NA
748,NA,0.12299999999999,NA
749,NA,-2.551,NA
768,NA,-6.441,NA
772,NA,-6.068,NA
776,NA,-1.98,NA
777,NA,-7.398,NA
780,NA,-2.37200000000001,NA
781,NA,-6.98600000000001,NA
800,NA,-8.481,NA
801,NA,-15.947,NA
804,NA,-7.45500000000001,NA
808,NA,-3.37900000000001,NA
812,NA,-3.56700000000001,NA
813,NA,-8.209,NA
837,NA,-9.62300000000002,NA
840,NA,-0.524000000000001,NA
896,NA,-7.815,NA
897,NA,-12.832,NA
900,NA,-7.681,NA
901,NA,-12.092,NA
904,NA,-3.80800000000001,NA
905,NA,-7.76100000000001,NA
907,NA,-6.011,NA
908,NA,-4.10900000000002,NA
909,NA,-7.51300000000001,NA
910,NA,-5.312,NA
911,NA,-5.73000000000001,NA
925,NA,-1.151,NA
928,NA,-10.621,NA
929,NA,-15.354,NA
930,NA,-9.86600000000001,NA
932,NA,-9.586,NA
933,NA,-13.937,NA
934,NA,-9.001,NA
936,NA,-5.898,NA
937,NA,-9.821,NA
940,NA,-5.871,NA
941,NA,-9.27600000000001,NA
943,NA,-6.678,NA
957,NA,-2.05,NA
960,NA,-6.16200000000001,NA
961,NA,-9.82600000000001,NA
964,NA,-6.28800000000001,NA
965,NA,-9.584,NA
968,NA,-1.997,NA
969,NA,-5.209,NA
972,NA,-2.34700000000001,NA
973,NA,-5.184,NA
992,NA,-5.79600000000001,NA
993,NA,-9.17100000000001,NA
996,NA,-5.60600000000001,NA
997,NA,-8.69500000000001,NA
1000,NA,-1.401,NA
1001,NA,-4.40400000000001,NA
1004,NA,-1.658,NA
1005,NA,-4.30500000000001,NA
